filename,inference_time,robot_in_the_frame_or_not,detected_or_not,parallel_pixel_dist,size,perp_dist_to_the_robot_pred,dist_to_the_robot_gt,parallel_dist_to_the_robot_gt,perp_dist_to_the_robot_gt,angle
1707226850.230136_B.jpg,2146.3191509246826,0,0,,,,0.9108282820114887,0.100164,0.905304,1.4606032237268392
1707226850.255134_F.jpg,88.87648582458496,1,1,-23.882463243272568,139.63297252986297,0.9172147512435913,0.9108282820114887,0.100164,0.905304,1.4606032237268392
1707226851.122750_B.jpg,80.4133415222168,0,0,,,,0.9079720663638281,0.099679,0.902484,1.4607925933810457
1707226851.146148_F.jpg,85.23225784301758,1,1,-23.90662299262153,139.42162074180274,0.9180837273597717,0.9079720663638281,0.099679,0.902484,1.4607925933810457
1707226852.131727_B.jpg,81.33625984191895,0,0,,,,0.9169828223892746,0.099386,0.911581,1.4621992897452945
1707226852.166074_F.jpg,83.44912528991699,1,1,-24.009323120117188,139.25152688267795,0.9187827110290527,0.9169828223892746,0.099386,0.911581,1.4621992897452945
1707226853.141172_B.jpg,81.21275901794434,0,0,,,,1.033211903325257,0.113698,1.026937,1.4605297585323456
1707226853.203091_F.jpg,83.47463607788086,1,1,-23.95545111762153,139.40471012517523,0.9181531071662903,1.033211903325257,0.113698,1.026937,1.4605297585323456
1707226854.166463_B.jpg,80.21759986877441,0,0,,,,1.2037325356793345,0.133363,1.196322,1.4597771876974068
1707226854.281591_F.jpg,82.74006843566895,1,1,-23.952017890082466,139.33942850526813,0.9184215664863586,1.2037325356793345,0.133363,1.196322,1.4597771876974068
1707226855.235666_B.jpg,79.89883422851562,0,0,,,,1.3535468620893774,0.153244,1.344844,1.4573364329863525
1707226855.246597_F.jpg,84.46097373962402,1,1,-24.35387505425347,134.1250363919154,0.9398569464683533,1.3535468620893774,0.153244,1.344844,1.4573364329863525
1707226856.110111_B.jpg,80.20997047424316,0,0,,,,1.528712965274057,0.184726,1.517511,1.4496627084623097
1707226856.143192_F.jpg,83.42862129211426,1,1,-25.254228379991318,101.17253347270889,1.2272298336029053,1.528712965274057,0.184726,1.517511,1.4496627084623097
1707226857.142601_B.jpg,80.24358749389648,0,0,,,,1.669589288296376,0.207355,1.656663,1.4462796016834563
1707226857.178396_F.jpg,82.76224136352539,1,1,-26.237106323242188,76.63761404465832,1.3673359155654907,1.669589288296376,0.207355,1.656663,1.4462796016834563
1707226858.143158_B.jpg,82.88788795471191,0,0,,,,1.8097820670268563,0.229246,1.795204,1.4437846100961882
1707226858.198820_F.jpg,83.32681655883789,1,1,-27.314588758680557,60.47067150939256,1.4865381717681885,1.8097820670268563,0.229246,1.795204,1.4437846100961882
1707226859.171997_B.jpg,81.34245872497559,0,0,,,,1.9793222521888647,0.252357,1.963169,1.4429516850842188
1707226859.272549_F.jpg,83.42337608337402,1,1,-28.40588887532552,47.41391274908466,1.6739935874938965,1.9793222521888647,0.252357,1.963169,1.4429516850842188
1707226860.129789_F.jpg,84.25688743591309,1,1,-29.379102918836807,38.969820512643366,1.7801878452301025,2.1493753045203623,0.274219,2.131811,1.442866874200099
1707226860.240871_B.jpg,80.74831962585449,0,0,,,,2.1493753045203623,0.274219,2.131811,1.442866874200099
1707226861.111854_B.jpg,80.89351654052734,0,0,,,,2.2533688599394908,0.285268,2.235239,1.4438594843345898
1707226861.142406_F.jpg,83.43124389648438,1,1,-29.938888549804688,33.365200195112266,1.8754372596740723,2.335097845335394,0.297469,2.316073,1.4430588517491354
1707226862.134012_B.jpg,81.25662803649902,0,0,,,,2.449767381620141,0.288359,2.432737,1.4528140750874132
1707226862.193690_F.jpg,82.72695541381836,1,1,-30.226898193359375,27.198126909817443,2.0411503314971924,2.5242824509004533,0.28389,2.508268,1.4580942496710523
1707226863.149144_B.jpg,92.79894828796387,0,0,,,,2.6046926381085735,0.287691,2.588756,1.4601194757438216
1707226863.181022_F.jpg,65.20795822143555,1,1,-30.167728000217014,23.572956111438767,2.14882493019104,2.7091094421086055,0.280691,2.694529,1.466999986057819
1707226864.164620_B.jpg,94.57731246948242,0,0,,,,2.831486410726705,0.275527,2.818049,1.4733338473653872
1707226864.217825_F.jpg,71.2590217590332,1,1,-29.655626085069443,19.80130795955681,2.405074119567871,2.956607789525861,0.279637,2.943354,1.4760743954536168
1707226865.226582_B.jpg,81.64119720458984,0,0,,,,3.1249388759878167,0.267344,3.113482,1.4851398678618246
1707226865.247358_F.jpg,98.12569618225098,1,1,-26.526048448350693,16.53705106065091,2.662531614303589,3.1249388759878167,0.267344,3.113482,1.4851398678618246
1707226866.107364_B.jpg,67.95096397399902,0,0,,,,3.2532769574582794,0.259448,3.242915,1.4909618063116221
1707226866.113975_F.jpg,94.68197822570801,1,1,-23.639297485351562,14.202599835590702,2.8880653381347656,3.2532769574582794,0.259448,3.242915,1.4909618063116221
1707226867.134963_B.jpg,81.31241798400879,0,0,,,,3.4297020938566956,0.253362,3.420331,1.4968560829638615
1707226867.183402_F.jpg,80.32631874084473,1,1,-21.069039238823784,12.612658287657219,3.0650646686553955,3.4297020938566956,0.253362,3.420331,1.4968560829638615
1707226868.166233_B.jpg,81.34603500366211,0,0,,,,3.6464297490627735,0.237685,3.638675,1.5055671431084725
1707226868.192623_F.jpg,80.43217658996582,1,1,-18.731858995225693,10.541734803485236,3.373065233230591,3.6464297490627735,0.237685,3.638675,1.5055671431084725
1707226869.140671_B.jpg,80.22499084472656,0,0,,,,3.733417670118627,0.238795,3.725773,1.5067911329161119
1707226869.193631_F.jpg,82.44585990905762,1,1,-17.122141520182293,9.740896281113642,3.4804885387420654,3.733417670118627,0.238795,3.725773,1.5067911329161119
1707226870.231762_B.jpg,83.2509994506836,0,0,,,,3.9433989735924517,0.220721,3.937217,1.514794787626246
1707226870.259946_F.jpg,81.39610290527344,1,1,-15.141211615668404,8.685734234520314,3.645996332168579,3.9433989735924517,0.220721,3.937217,1.514794787626246
1707226871.128101_B.jpg,80.25002479553223,0,0,,,,4.1563058041035665,0.206677,4.151164,1.5210496817498957
1707226871.137905_F.jpg,80.43432235717773,1,1,-13.620758056640625,7.693239825743216,3.844191789627075,4.1563058041035665,0.206677,4.151164,1.5210496817498957
1707226872.125866_B.jpg,80.22141456604004,0,0,,,,4.345935572885659,0.202548,4.341213,1.5241731323799224
1707226872.168099_F.jpg,72.31330871582031,1,1,-12.129465738932291,6.752943599066283,4.087994575500488,4.345935572885659,0.202548,4.341213,1.5241731323799224
1707226873.146671_B.jpg,80.8558464050293,0,0,,,,4.559189794486406,0.187855,4.555318,1.5295810662284492
1707226873.171319_F.jpg,87.16988563537598,1,1,-10.768890380859375,6.217300161765314,4.232622146606445,4.559189794486406,0.187855,4.555318,1.5295810662284492
1707226874.160300_B.jpg,79.33950424194336,0,0,,,,4.770622203979792,0.183572,4.767089,1.5323071477260566
1707226874.231828_F.jpg,79.2989730834961,1,1,-9.682210286458334,5.5960968798630075,4.434243679046631,4.770622203979792,0.183572,4.767089,1.5323071477260566
1707226875.233633_B.jpg,77.40497589111328,0,0,,,,4.990560729162305,0.169071,4.987696,1.5369116859321557
1707226875.266035_F.jpg,65.55366516113281,1,1,-8.372963799370659,5.161211355035998,4.61660623550415,4.990560729162305,0.169071,4.987696,1.5369116859321557
1707226876.112555_B.jpg,95.35837173461914,0,0,,,,5.214095095849327,0.164612,5.211496,1.5392205012524556
1707226876.127064_F.jpg,69.0908432006836,1,1,-7.063462999131945,5.059093044388804,4.6636962890625,5.214095095849327,0.164612,5.211496,1.5392205012524556
1707226877.134894_B.jpg,92.54956245422363,0,0,,,,5.414777951992584,0.150429,5.412688,1.5430115573897527
1707226877.179461_F.jpg,87.71109580993652,1,1,-6.2046051025390625,4.4378604162139474,5.007458209991455,5.414777951992584,0.150429,5.412688,1.5430115573897527
1707226878.141156_B.jpg,86.46726608276367,0,0,,,,5.583585710699979,0.147278,5.581643,1.5444163102712012
1707226878.170544_F.jpg,87.11934089660645,1,1,-4.994116889105903,4.1449780081165954,5.148306846618652,5.583585710699979,0.147278,5.581643,1.5444163102712012
1707226879.176997_B.jpg,84.4583511352539,0,0,,,,5.796614537275788,0.155106,5.794539,1.5440351002055557
1707226879.291458_F.jpg,87.86487579345703,1,1,-3.9541456434461804,3.8562547793844715,5.28645133972168,5.796614537275788,0.155106,5.794539,1.5440351002055557
1707226880.232876_B.jpg,86.9438648223877,0,0,,,,5.998248856688508,0.154102,5.996269,1.5451023349545103
1707226880.257705_F.jpg,86.75432205200195,1,1,-3.2257927788628473,3.4987027931492776,5.532515048980713,5.998248856688508,0.154102,5.996269,1.5451023349545103
1707226881.113729_B.jpg,84.40542221069336,0,0,,,,6.117263245102011,0.15394,6.115326,1.5456288219729388
1707226881.138789_F.jpg,86.97795867919922,1,1,-2.930789523654514,3.3808467093349237,5.622341156005859,6.117263245102011,0.15394,6.115326,1.5456288219729388
1707226882.143072_B.jpg,88.22250366210938,0,0,,,,6.301699339688144,0.164535,6.299551,1.5446837353926335
1707226882.174824_F.jpg,86.42101287841797,1,1,-2.508205837673611,3.156038079149216,5.7936835289001465,6.301699339688144,0.164535,6.299551,1.5446837353926335
1707226883.141071_B.jpg,84.20634269714355,0,0,,,,6.400000643898874,0.165555,6.397859,1.5449254748462644
1707226883.200400_F.jpg,90.02041816711426,1,1,-2.376556396484375,2.9599287275535366,6.045324802398682,6.521360121920887,0.166902,6.519224,1.5452004046844607
1707226884.175048_B.jpg,85.44158935546875,0,0,,,,6.725485280345575,0.169976,6.723337,1.5455202175840912
1707226884.294421_F.jpg,87.61882781982422,1,1,-2.1274566650390625,2.7397477068006992,6.3337249755859375,6.725485280345575,0.169976,6.723337,1.5455202175840912
1707226885.127633_F.jpg,89.63322639465332,1,1,-2.107874552408854,2.6608903720949053,6.435725688934326,6.83035285678068,0.181386,6.827944,1.5442373290516667
1707226885.242157_B.jpg,90.32249450683594,0,0,,,,6.941115824890404,0.18266,6.938712,1.544477634872086
1707226886.109936_B.jpg,85.36148071289062,0,0,,,,7.056107647414756,0.183508,7.053721,1.5447864213632918
1707226886.142370_F.jpg,91.29524230957031,1,1,-1.9571092393663194,2.6398029149277136,6.463001728057861,7.056107647414756,0.183508,7.053721,1.5447864213632918
1707226887.132559_B.jpg,86.35926246643066,0,0,,,,7.267440946806861,0.194491,7.264838,1.5440311663015
1707226887.171587_F.jpg,92.94009208679199,1,1,-2.3110283745659723,2.474776040069201,6.676461696624756,7.267440946806861,0.194491,7.264838,1.5440311663015
1707226888.159862_B.jpg,86.3957405090332,0,0,,,,7.449898443383306,0.20545,7.447065,1.543215272904431
1707226888.219112_F.jpg,91.9334888458252,1,1,-2.4863349066840277,2.243999671190977,7.042478084564209,7.449898443383306,0.20545,7.447065,1.543215272904431
1707226889.140003_B.jpg,87.42141723632812,0,0,,,,7.660500694283435,0.206794,7.657709,1.5437982058672761
1707226889.250930_F.jpg,88.24324607849121,1,1,-2.639431423611111,2.0085964468307793,7.540096282958984,7.660500694283435,0.206794,7.657709,1.5437982058672761
1707226890.132938_F.jpg,92.04792976379395,1,1,-2.4849785698784723,2.0607813957066816,7.424976825714111,7.849394294436991,0.209126,7.846608,1.5441508634496957
1707226890.238321_B.jpg,85.55746078491211,0,0,,,,7.849394294436991,0.209126,7.846608,1.5441508634496957
1707226891.127640_B.jpg,90.73281288146973,0,0,,,,8.065018921585057,0.22265,8.061945,1.5431859400611225
1707226891.157154_F.jpg,90.41428565979004,1,1,-2.4693806966145835,1.8743794581193167,7.838277816772461,8.065018921585057,0.22265,8.061945,1.5431859400611225
1707226892.128621_B.jpg,86.27486228942871,0,0,,,,8.277892390575333,0.226356,8.274797,1.5434482763909392
1707226892.183197_F.jpg,90.240478515625,1,1,-2.4182637532552085,1.687957561646019,8.25186538696289,8.277892390575333,0.226356,8.274797,1.5434482763909392
1707226893.151594_B.jpg,87.94546127319336,0,0,,,,8.487124169713201,0.241027,8.483701,1.5423933712789626
1707226893.187106_F.jpg,94.38538551330566,1,1,-2.4704827202690973,1.696100365370512,8.233799934387207,8.487124169713201,0.241027,8.483701,1.5423933712789626
1707226894.167036_B.jpg,91.22085571289062,0,0,,,,8.69084063726703,0.246506,8.687344,1.5424286377511787
1707226894.225923_F.jpg,110.85987091064453,1,1,-2.2231631808810763,1.667139261248119,8.291559219360352,8.69084063726703,0.246506,8.687344,1.5424286377511787
1707226895.235771_B.jpg,110.06355285644531,0,0,,,,8.894117855290483,0.262409,8.890246,1.5412883880802328
1707226895.256459_F.jpg,104.66575622558594,1,1,-2.1863301595052085,1.5190466533287106,8.62612533569336,8.894117855290483,0.262409,8.890246,1.5412883880802328
1707226896.114606_B.jpg,100.48723220825195,0,0,,,,9.113264981622395,0.267983,9.109324,1.5413862705214472
1707226896.129175_F.jpg,109.08913612365723,1,1,-2.2315131293402777,1.4637966720778266,8.769625663757324,9.113264981622395,0.267983,9.109324,1.5413862705214472
1707226897.129219_B.jpg,87.25500106811523,0,0,,,,9.291914696123829,0.274439,9.287861,1.5412567835559974
1707226897.181775_F.jpg,92.59963035583496,1,1,-2.33154296875,1.3606766238808632,9.0835599899292,9.291914696123829,0.274439,9.287861,1.5412567835559974
1707226898.137422_B.jpg,88.04655075073242,0,0,,,,9.406345093794615,0.288265,9.401927,1.5401457247154478
1707226898.162788_F.jpg,87.06808090209961,1,1,-2.5995890299479165,1.3196539221098647,9.278294563293457,9.406345093794615,0.288265,9.401927,1.5401457247154478
1707226899.170619_B.jpg,89.3397331237793,0,0,,,,9.631125901131705,0.295715,9.626585,1.5400874058904013
1707226899.256774_F.jpg,87.93234825134277,1,1,-2.5624593098958335,1.2910997631232382,9.413841247558594,9.631125901131705,0.295715,9.626585,1.5400874058904013
1707226900.148397_F.jpg,91.38250350952148,1,1,-2.8104994032118054,1.2422049605290486,9.645943641662598,9.83794040190776,0.31278,9.832967,1.53899772823324
1707226900.262587_B.jpg,85.5863094329834,0,0,,,,9.83794040190776,0.31278,9.832967,1.53899772823324
1707226901.110197_B.jpg,85.9675407409668,0,0,,,,10.07409639522558,0.329664,10.068701,1.5380665560525963
1707226901.132279_F.jpg,87.60857582092285,1,1,-2.8618282741970487,1.1885215884022828,9.900777816772461,10.07409639522558,0.329664,10.068701,1.5380665560525963
1707226902.137029_B.jpg,90.7440185546875,0,0,,,,10.273852664859564,0.336179,10.268351,1.5380686800240728
1707226902.184408_F.jpg,88.09423446655273,1,1,-2.9943678114149304,1.1523202498390248,10.072626113891602,10.273852664859564,0.336179,10.268351,1.5380686800240728
1707226903.141799_B.jpg,89.23697471618652,0,0,,,,10.454020623300158,0.353209,10.448052,1.537002990381944
1707226903.207663_F.jpg,90.95048904418945,1,1,-3.013737996419271,1.1190377495950088,10.23061752319336,10.454020623300158,0.353209,10.448052,1.537002990381944
1707226904.168864_B.jpg,89.32685852050781,0,0,,,,10.663713695633666,0.361898,10.657571,1.5368524761581965
1707226904.287747_F.jpg,92.06128120422363,1,1,-3.0205196804470487,1.0544016576777384,10.537445068359375,10.663713695633666,0.361898,10.657571,1.5368524761581965
1707226905.125240_F.jpg,93.33157539367676,1,1,-3.2769097222222223,0.9927691526733983,10.830012321472168,10.778229632572225,0.367077,10.771977,1.5367324766535992
1707226905.246036_B.jpg,86.21883392333984,0,0,,,,10.883356570387004,0.382555,10.876631,1.5356386234421513
1707226906.109092_B.jpg,90.22784233093262,0,0,,,,11.00488636985612,0.387727,10.998054,1.535556775304902
1707226906.140008_F.jpg,89.37811851501465,1,1,-3.5151163736979165,0.9555673918019935,11.006608963012695,11.00488636985612,0.387727,10.998054,1.535556775304902
1707226907.129237_B.jpg,114.76349830627441,0,0,,,,11.120041940069292,0.393654,11.113072,1.5353885226711141
1707226907.167181_F.jpg,113.65222930908203,1,1,-3.529908921983507,0.9147853794274852,11.200201034545898,11.120041940069292,0.393654,11.113072,1.5353885226711141
1707226908.147500_B.jpg,85.24799346923828,0,0,,,,11.332619870890403,0.415564,11.324998,1.5341183834981347
1707226908.206369_F.jpg,90.96717834472656,1,1,-3.8953145345052085,0.9298413715441711,11.128730773925781,11.332619870890403,0.415564,11.324998,1.5341183834981347
1707226909.168653_B.jpg,85.36815643310547,0,0,,,,11.585442571716673,0.425316,11.577633,1.5340768325240293
1707226909.276952_F.jpg,87.31412887573242,1,1,-4.095713297526042,0.8977145045696769,11.281235694885254,11.585442571716673,0.425316,11.577633,1.5340768325240293
1707226910.125269_F.jpg,92.97394752502441,1,1,-4.18137444390191,0.8669704548083246,11.427177429199219,11.794749481861665,0.424,11.787126,1.5348403809374986
1707226910.240229_B.jpg,85.46829223632812,0,0,,,,11.794749481861665,0.424,11.787126,1.5348403809374986
1707226911.114864_B.jpg,85.23344993591309,0,0,,,,11.974654515460768,0.432734,11.966833,1.5346509632089393
1707226911.146275_F.jpg,90.99769592285156,1,1,-4.214647081163195,0.8581710939279781,11.468948364257812,11.974654515460768,0.432734,11.966833,1.5346509632089393
1707226912.128031_B.jpg,85.35432815551758,0,0,,,,12.184550482000434,0.431601,12.176904,1.535366927258307
1707226912.181403_F.jpg,91.0646915435791,1,1,-4.211934407552083,0.8106951233154783,11.694315910339355,12.184550482000434,0.431601,12.176904,1.535366927258307
1707226913.138300_B.jpg,81.9091796875,0,0,,,,12.308774811347595,0.431303,12.301216,1.535748865455835
1707226913.172030_F.jpg,96.62747383117676,1,1,-4.077445136176215,0.7932695327326655,11.7770357131958,12.308774811347595,0.431303,12.301216,1.535748865455835
1707226914.168653_B.jpg,87.005615234375,0,0,,,,12.513015163441983,0.440705,12.505252,1.5355693127057561
1707226914.227163_F.jpg,90.4226303100586,1,1,-3.9314693874782987,0.7973204632031007,11.757804870605469,12.513015163441983,0.440705,12.505252,1.5355693127057561
1707226915.239011_B.jpg,84.6560001373291,0,0,,,,12.714358409119667,0.433796,12.706956,1.5366711124317276
1707226915.261816_F.jpg,88.59562873840332,1,1,-3.813383314344618,0.7805356290191412,11.837482452392578,12.714358409119667,0.433796,12.706956,1.5366711124317276
1707226916.116819_B.jpg,87.42451667785645,0,0,,,,12.93993789768073,0.422303,12.933045,1.5381549027013388
1707226916.123045_F.jpg,88.21582794189453,1,1,-3.4001668294270835,0.7882652592803582,11.800789833068848,12.93993789768073,0.422303,12.933045,1.5381549027013388
1707226917.137468_B.jpg,97.21183776855469,0,0,,,,13.138901707319452,0.421439,13.132141,1.5387151598148319
1707226917.173638_F.jpg,84.12885665893555,1,0,,,,13.138901707319452,0.421439,13.132141,1.5387151598148319
1707226918.133793_B.jpg,88.08016777038574,0,0,,,,13.281793082944374,0.399782,13.275775,1.540691777666228
1707226918.165906_F.jpg,85.24298667907715,1,0,,,,13.281793082944374,0.399782,13.275775,1.540691777666228
1707226919.169595_B.jpg,85.47782897949219,0,0,,,,13.469645025189973,0.37818,13.464335,1.5427161730338315
1707226919.282698_F.jpg,84.18679237365723,1,0,,,,13.469645025189973,0.37818,13.464335,1.5427161730338315
1707226920.153574_F.jpg,88.06681632995605,1,0,,,,13.69601165963435,0.345782,13.691646,1.5455467320159781
1707226920.274206_B.jpg,106.05192184448242,0,0,,,,13.69601165963435,0.345782,13.691646,1.5455467320159781
1707226921.103712_B.jpg,103.91712188720703,0,0,,,,13.902775874500028,0.306088,13.899406,1.5487782250928017
1707226921.129590_F.jpg,103.00922393798828,1,0,,,,13.902775874500028,0.306088,13.899406,1.5487782250928017
1707226922.134390_B.jpg,91.89677238464355,0,0,,,,14.02139269528548,0.273859,14.018718,1.5512635727457724
1707226922.164142_F.jpg,85.42776107788086,1,0,,,,14.02139269528548,0.273859,14.018718,1.5512635727457724
1707226923.148698_B.jpg,89.89739418029785,0,0,,,,14.048850030187666,0.253652,14.04656,1.5527403448092307
1707226923.206752_F.jpg,88.38367462158203,1,0,,,,14.048850030187666,0.253652,14.04656,1.5527403448092307
1707226924.163571_B.jpg,87.29147911071777,0,0,,,,14.046537481224794,0.236997,14.044538,1.5539232542515191
1707226924.277458_F.jpg,86.2581729888916,1,0,,,,14.046537481224794,0.236997,14.044538,1.5539232542515191
1707226925.135186_F.jpg,87.53776550292969,1,0,,,,13.98007386215427,0.209235,13.978508,1.5558291088587437
1707226925.249480_B.jpg,88.16075325012207,0,0,,,,13.847238790883365,0.171881,13.846172,1.5583833528703304
1707226926.104559_B.jpg,87.97073364257812,0,0,,,,13.821079658078887,0.166311,13.820079,1.5587628954047807
1707226926.148373_F.jpg,89.97058868408203,1,0,,,,13.821079658078887,0.166311,13.820079,1.5587628954047807
1707226927.128771_B.jpg,89.53285217285156,0,0,,,,13.668880896116699,0.17722,13.667732,1.5578307470416741
1707226927.166354_F.jpg,87.18585968017578,1,0,,,,13.668880896116699,0.17722,13.667732,1.5578307470416741
1707226928.138690_B.jpg,86.42387390136719,0,0,,,,13.492288187413209,0.206947,13.490701,1.5554575560573534
1707226928.197208_F.jpg,86.22956275939941,1,0,,,,13.492288187413209,0.206947,13.490701,1.5554575560573534
1707226929.176277_B.jpg,88.96803855895996,0,0,,,,13.282088908386134,0.259943,13.279545,1.5512241346023663
1707226929.285971_F.jpg,84.49840545654297,1,0,,,,13.200740405521275,0.285209,13.197659,1.5491891149938573
1707226930.128147_F.jpg,86.22360229492188,1,0,,,,13.103439150695822,0.328452,13.099322,1.5457276100375752
1707226930.239569_B.jpg,85.37006378173828,0,0,,,,13.103439150695822,0.328452,13.099322,1.5457276100375752
1707226931.109693_B.jpg,89.95747566223145,0,0,,,,12.95325386998873,0.384127,12.947557,1.5411371132051048
1707226931.140951_F.jpg,85.41607856750488,1,0,,,,12.95325386998873,0.384127,12.947557,1.5411371132051048
1707226932.135613_B.jpg,86.28058433532715,0,0,,,,12.776999998989513,0.451873,12.769007,1.5354228235657534
1707226932.187253_F.jpg,101.83286666870117,1,0,,,,12.776999998989513,0.451873,12.769007,1.5354228235657534
1707226933.142645_B.jpg,110.90230941772461,0,0,,,,12.677933675912373,0.479492,12.668863,1.5329663145091943
1707226933.176686_F.jpg,100.94523429870605,1,0,,,,12.677933675912373,0.479492,12.668863,1.5329663145091943
1707226934.161964_B.jpg,110.64910888671875,0,0,,,,12.468545633827949,0.534475,12.457085,1.527917322892181
1707226934.225998_F.jpg,101.04846954345703,1,0,,,,12.468545633827949,0.534475,12.457085,1.527917322892181
1707226935.233464_B.jpg,110.53204536437988,0,0,,,,12.305409551394256,0.586683,12.291416,1.5231014095165782
1707226935.259657_F.jpg,104.10284996032715,1,0,,,,12.305409551394256,0.586683,12.291416,1.5231014095165782
1707226936.111099_B.jpg,88.27781677246094,0,0,,,,12.114992523198765,0.634781,12.098351,1.5183760046122317
1707226936.125696_F.jpg,88.01603317260742,1,0,,,,12.114992523198765,0.634781,12.098351,1.5183760046122317
1707226937.140837_B.jpg,89.30444717407227,0,0,,,,11.888391283896446,0.682575,11.86878,1.5133494813410737
1707226937.190128_F.jpg,83.96196365356445,1,0,,,,11.888391283896446,0.682575,11.86878,1.5133494813410737
1707226938.140572_B.jpg,87.3410701751709,0,0,,,,11.784494017659053,0.709259,11.763131,1.5105741489679179
1707226938.169403_F.jpg,83.46939086914062,1,0,,,,11.784494017659053,0.709259,11.763131,1.5105741489679179
1707226939.175303_B.jpg,89.25199508666992,0,0,,,,11.608392263533354,0.738619,11.58487,1.507125296422092
1707226939.274088_F.jpg,87.96477317810059,1,0,,,,11.608392263533354,0.738619,11.58487,1.507125296422092
1707226940.149429_F.jpg,86.5323543548584,1,0,,,,11.405108882980644,0.764162,11.37948,1.503744366485887
1707226940.264847_B.jpg,85.40678024291992,0,0,,,,11.405108882980644,0.764162,11.37948,1.503744366485887
1707226941.112759_B.jpg,86.22431755065918,0,0,,,,11.246476155807471,0.785505,11.219011,1.5008948710129777
1707226941.134969_F.jpg,89.01524543762207,1,0,,,,11.246476155807471,0.785505,11.219011,1.5008948710129777
1707226942.130884_B.jpg,87.44955062866211,0,0,,,,11.032649436838144,0.792543,11.004146,1.498898254049133
1707226942.174000_F.jpg,87.27478981018066,1,0,,,,11.032649436838144,0.792543,11.004146,1.498898254049133
1707226943.133832_B.jpg,87.63313293457031,0,0,,,,10.823530445136143,0.80749,10.793367,1.4961218981174855
1707226943.191410_F.jpg,84.87629890441895,1,0,,,,10.823530445136143,0.80749,10.793367,1.4961218981174855
1707226944.154940_B.jpg,86.49277687072754,0,0,,,,10.599059590853003,0.813858,10.567767,1.493934801201921
1707226944.264350_F.jpg,83.96315574645996,1,0,,,,10.599059590853003,0.813858,10.567767,1.493934801201921
1707226945.138407_F.jpg,89.47443962097168,1,0,,,,10.406798757029271,0.829855,10.373659,1.4909699540930754
1707226945.254938_B.jpg,91.80283546447754,0,0,,,,10.406798757029271,0.829855,10.373659,1.4909699540930754
1707226946.111216_B.jpg,86.1063003540039,0,0,,,,10.28766178148723,0.837848,10.253487,1.489264001296233
1707226946.140472_F.jpg,110.96978187561035,1,1,-14.990064832899305,0.9574969891993398,10.997448921203613,10.19860178374884,0.834853,10.164374,1.4888450720676794
1707226947.132473_B.jpg,107.66053199768066,0,0,,,,10.099214575694488,0.843068,10.063964,1.4872204947891392
1707226947.182048_F.jpg,109.0383529663086,1,1,-15.301979912651909,0.9441958066294499,11.060589790344238,10.011193758583339,0.845893,9.975393,1.4862007440919414
1707226948.135703_B.jpg,109.61318016052246,0,0,,,,9.940336396279958,0.841638,9.904642,1.4860258705294145
1707226948.169187_F.jpg,105.0264835357666,1,1,-15.596220228407118,0.9935768130364724,10.826179504394531,9.940336396279958,0.841638,9.904642,1.4860258705294145
1707226949.166678_B.jpg,87.87655830383301,0,0,,,,9.719440026895839,0.823968,9.684451,1.4859191982559004
1707226949.237746_F.jpg,90.43550491333008,1,1,-16.128921508789062,0.9669837993885861,10.952415466308594,9.608932554872316,0.819642,9.573911,1.4853925393382648
1707226950.142479_F.jpg,88.00315856933594,1,1,-16.734059651692707,1.0510185153337115,10.553503036499023,9.498703264811729,0.815484,9.463633,1.4848383722333762
1707226950.259887_B.jpg,89.22767639160156,0,0,,,,9.498437333263666,0.815601,9.463356,1.4848235962169825
1707226951.101700_B.jpg,86.43031120300293,0,0,,,,9.395275065334705,0.801186,9.361052,1.4854172176763853
1707226951.133583_F.jpg,87.98933029174805,1,1,-16.603342692057293,1.101225753761052,10.315171241760254,9.395275065334705,0.801186,9.361052,1.4854172176763853
1707226952.128713_B.jpg,90.30461311340332,0,0,,,,9.192955255613779,0.792626,9.158721,1.4844681167624536
1707226952.178567_F.jpg,87.3100757598877,1,1,-16.961669921875,1.103896069854935,10.302495002746582,9.192955255613779,0.792626,9.158721,1.4844681167624536
1707226953.143078_B.jpg,88.02056312561035,0,0,,,,8.964722427052497,0.782423,8.930513,1.4834071442064538
1707226953.180568_F.jpg,91.31383895874023,1,1,-17.299058702256943,1.061901341107628,10.501843452453613,8.964722427052497,0.782423,8.930513,1.4834071442064538
1707226954.165303_B.jpg,85.41393280029297,0,0,,,,8.751651454718075,0.76145,8.718463,1.4836797405394009
1707226954.251412_F.jpg,89.87855911254883,1,1,-17.53739251030816,1.11849802132282,10.233180046081543,8.751651454718075,0.76145,8.718463,1.4836797405394009
1707226955.150856_F.jpg,91.33505821228027,1,1,-17.589823404947918,1.211861494488807,9.789984703063965,8.52266249128786,0.749367,8.489654,1.4827562405829924
1707226955.258117_B.jpg,88.28258514404297,0,0,,,,8.52266249128786,0.749367,8.489654,1.4827562405829924
1707226956.104315_B.jpg,86.47751808166504,0,0,,,,8.283798719897534,0.726724,8.25186,1.4829550543948034
1707226956.120561_F.jpg,87.2349739074707,1,1,-17.926745944552952,1.3054094422841445,9.34591293334961,8.283798719897534,0.726724,8.25186,1.4829550543948034
1707226957.134319_B.jpg,89.94007110595703,0,0,,,,8.091790013084745,0.714797,8.060157,1.4823449577848253
1707226957.175837_F.jpg,88.46473693847656,1,1,-17.768139309353298,1.337924414532788,9.191564559936523,8.091790013084745,0.714797,8.060157,1.4823449577848253
1707226958.146087_B.jpg,88.87314796447754,0,0,,,,7.887493858889907,0.692049,7.857075,1.4829433233345886
1707226958.182554_F.jpg,89.3561840057373,1,1,-17.40536159939236,1.3183670089347288,9.284402847290039,7.887493858889907,0.692049,7.857075,1.4829433233345886
1707226959.171783_B.jpg,88.3944034576416,0,0,,,,7.76182958538578,0.684741,7.731567,1.48246247528129
1707226959.289808_F.jpg,106.9037914276123,1,1,-17.331017388237846,1.49998159872161,8.675642013549805,7.76182958538578,0.684741,7.731567,1.48246247528129
1707226960.140132_F.jpg,111.24300956726074,1,1,-17.481740315755207,1.6671917984947666,8.291460990905762,7.543858730420925,0.660502,7.514888,1.483129148147537
1707226960.254678_B.jpg,107.65600204467773,0,0,,,,7.543858730420925,0.660502,7.514888,1.483129148147537
1707226961.107807_B.jpg,93.89185905456543,0,0,,,,7.349154367029719,0.645356,7.320764,1.4828694341930584
1707226961.131715_F.jpg,91.40849113464355,1,1,-17.82578362358941,1.6568596688254427,8.310513496398926,7.349154367029719,0.645356,7.320764,1.4828694341930584
1707226962.131765_B.jpg,86.97772026062012,0,0,,,,7.144915811465171,0.63047,7.117045,1.4824410438500815
1707226962.166139_F.jpg,90.74997901916504,1,1,-17.801666259765625,1.6483933982126024,8.326123237609863,7.144915811465171,0.63047,7.117045,1.4824410438500815
1707226963.141116_B.jpg,88.836669921875,0,0,,,,6.924456160510802,0.61553,6.897044,1.48178666071946
1707226963.201643_F.jpg,89.98441696166992,1,1,-17.782211303710938,1.795873325210306,8.012449264526367,6.924456160510802,0.61553,6.897044,1.48178666071946
1707226964.179448_B.jpg,87.3572826385498,0,0,,,,6.712416067714664,0.591033,6.686345,1.482631442970154
1707226964.292738_F.jpg,91.10403060913086,1,1,-17.6483154296875,1.9846949477343716,7.593321800231934,6.712416067714664,0.591033,6.686345,1.482631442970154
1707226965.125854_F.jpg,95.92461585998535,1,1,-17.741987440321182,1.9788727698018371,7.606287002563477,6.520081017475779,0.576412,6.494552,1.4822751133618766
1707226965.234623_B.jpg,86.74335479736328,0,0,,,,6.520081017475779,0.576412,6.494552,1.4822751133618766
1707226966.106382_B.jpg,85.93034744262695,0,0,,,,6.317809611227376,0.554386,6.293439,1.4829336063353786
1707226966.137677_F.jpg,97.89013862609863,1,1,-18.025800916883682,2.1297095185016386,7.273959636688232,6.317809611227376,0.554386,6.293439,1.4829336063353786
1707226967.123899_B.jpg,89.34736251831055,0,0,,,,6.116885766534225,0.543077,6.09273,1.481896022339621
1707226967.170357_F.jpg,92.98467636108398,1,1,-17.928271823459202,2.180636433214754,7.162326335906982,6.116885766534225,0.543077,6.09273,1.481896022339621
1707226968.143678_B.jpg,86.3504409790039,0,0,,,,5.909411075610242,0.522156,5.886297,1.482320868348125
1707226968.177499_F.jpg,96.97651863098145,1,1,-17.800394694010418,2.522001489220808,6.615375995635986,5.909411075610242,0.522156,5.886297,1.482320868348125
1707226969.160266_B.jpg,85.479736328125,0,0,,,,5.818383335789848,0.516994,5.795369,1.4818237207019263
1707226969.262608_F.jpg,94.9714183807373,1,1,-18.132909138997395,2.579666914980295,6.5407867431640625,5.717622019206587,0.511796,5.69467,1.4811643211913872
1707226970.137679_F.jpg,102.10084915161133,1,1,-18.257056342230904,2.7170301240403205,6.363109588623047,5.596127016382758,0.506208,5.573185,1.4802156646631208
1707226970.251486_B.jpg,100.87800025939941,0,0,,,,5.513075477227298,0.490927,5.491174,1.4816304647831642
1707226971.107669_B.jpg,111.68837547302246,0,0,,,,5.406542981074136,0.485181,5.384729,1.4809358406014181
1707226971.130457_F.jpg,105.17215728759766,1,1,-18.549855550130207,2.9032165802265,6.121028900146484,5.406542981074136,0.485181,5.384729,1.4809358406014181
1707226972.131174_B.jpg,107.50555992126465,0,0,,,,5.158147301452819,0.473093,5.136406,1.4789496264576711
1707226972.171164_F.jpg,90.97504615783691,1,1,-18.68604024251302,3.359731314754125,5.638434410095215,5.158147301452819,0.473093,5.136406,1.4789496264576711
1707226973.145928_B.jpg,90.25096893310547,0,0,,,,5.076130184128063,0.467354,5.05457,1.478596800036928
1707226973.205628_F.jpg,89.42389488220215,1,1,-19.11688910590278,3.4717779813541307,5.553036689758301,5.076130184128063,0.467354,5.05457,1.478596800036928
1707226974.136322_B.jpg,94.88153457641602,0,0,,,,4.762592337332684,0.441718,4.742064,1.477915451254158
1707226974.246577_F.jpg,94.01202201843262,1,1,-19.130961100260418,3.672288737926678,5.400214195251465,4.762592337332684,0.441718,4.742064,1.477915451254158
1707226975.116364_F.jpg,91.50338172912598,1,1,-19.649675157335068,3.977908402391031,5.228652000427246,4.6364499958210486,0.435855,4.615918,1.4766511250896406
1707226975.222634_B.jpg,88.79566192626953,0,0,,,,4.6364499958210486,0.435855,4.615918,1.4766511250896406
1707226976.118752_B.jpg,87.4471664428711,0,0,,,,4.413437173103635,0.414782,4.393903,1.4766757988943537
1707226976.149782_F.jpg,90.97957611083984,1,1,-19.77301703559028,4.212066142645199,5.116044044494629,4.413437173103635,0.414782,4.393903,1.4766757988943537
1707226977.111292_B.jpg,92.27609634399414,0,0,,,,4.23205698089487,0.403745,4.212754,1.4752494168578627
1707226977.166412_F.jpg,92.05818176269531,1,1,-19.723892211914062,4.385022708088344,5.032867908477783,4.23205698089487,0.403745,4.212754,1.4752494168578627
1707226978.121531_B.jpg,87.27478981018066,0,0,,,,4.024912660232517,0.391694,4.005808,1.4733246669746443
1707226978.154127_F.jpg,91.97425842285156,1,1,-20.041402180989582,4.824476274208994,4.787508010864258,4.024912660232517,0.391694,4.005808,1.4733246669746443
1707226979.160194_B.jpg,88.43588829040527,0,0,,,,3.9019846701919523,0.376707,3.883758,1.4741033156968175
1707226979.245774_F.jpg,90.99388122558594,1,1,-20.564651489257812,5.37587173619411,4.5176215171813965,3.9019846701919523,0.376707,3.883758,1.4741033156968175
1707226980.142948_F.jpg,91.21441841125488,1,1,-21.251678466796875,5.660479170102109,4.41021203994751,3.7413644638129013,0.284511,3.730531,1.4946781270203662
1707226980.250339_B.jpg,86.42244338989258,0,0,,,,3.7413644638129013,0.284511,3.730531,1.4946781270203662
1707226981.117004_B.jpg,91.9039249420166,0,0,,,,3.6226340699735324,0.133402,3.620177,1.5339634130082833
1707226981.139068_F.jpg,90.44480323791504,1,1,-21.795908610026043,6.140011354467406,4.253848552703857,3.6226340699735324,0.133402,3.620177,1.5339634130082833
1707226982.130492_B.jpg,83.19997787475586,0,0,,,,3.5118492439570925,0.001309,3.511849,1.5704235886904454
1707226982.184580_F.jpg,126.51729583740234,1,1,-20.148722330729168,6.5547760217062505,4.139937400817871,3.5118492439570925,0.001309,3.511849,1.5704235886904454
1707226983.142888_B.jpg,111.58418655395508,0,0,,,,3.459921115545989,0.074451,3.45912,1.592316108377398
1707226983.173970_F.jpg,110.02922058105469,1,1,-13.330544365776909,6.934532636983527,4.041529178619385,3.459921115545989,0.074451,3.45912,1.592316108377398
1707226984.165927_B.jpg,112.67924308776855,0,0,,,,3.373961827525913,0.193979,3.368381,1.628320991705487
1707226984.244960_F.jpg,103.68895530700684,1,1,-4.124747382269965,7.8442857937059465,3.804698944091797,3.373961827525913,0.193979,3.368381,1.628320991705487
1707226985.151780_F.jpg,99.32708740234375,1,1,5.088043212890625,8.178786672781118,3.726635456085205,3.2783798563151585,0.288263,3.265682,1.65883851775279
1707226985.270013_B.jpg,92.33212471008301,0,0,,,,3.2783798563151585,0.288263,3.265682,1.65883851775279
1707226986.112524_B.jpg,87.06188201904297,0,0,,,,3.164328554617551,0.308932,3.149212,1.6685816475903366
1707226986.128505_F.jpg,90.22712707519531,1,1,13.532172309027779,8.804937835314231,3.62703537940979,3.164328554617551,0.308932,3.149212,1.6685816475903366
1707226987.134366_B.jpg,88.49883079528809,0,0,,,,2.9798438333236525,0.331689,2.961326,1.6823383436750512
1707226987.176455_F.jpg,94.82836723327637,1,1,22.344207763671875,9.516045088983244,3.5139214992523193,2.9798438333236525,0.331689,2.961326,1.6823383436750512
1707226988.144919_B.jpg,90.00658988952637,0,0,,,,2.7970228307450404,0.337797,2.77655,1.6918620493013312
1707226988.178105_F.jpg,91.43352508544922,1,1,28.02229987250434,10.176989130523447,3.4219915866851807,2.7970228307450404,0.337797,2.77655,1.6918620493013312
1707226989.163444_B.jpg,87.25094795227051,0,0,,,,2.6088539062971696,0.330529,2.587831,1.697832840392028
1707226989.271873_F.jpg,89.99443054199219,1,1,30.77155219184028,10.557991767896448,3.370884656906128,2.6088539062971696,0.330529,2.587831,1.697832840392028
1707226990.137124_F.jpg,77.35919952392578,1,1,34.27721659342448,12.267448314692665,3.1072425842285156,2.5115023112782517,0.32193,2.490784,1.6993322114148406
1707226990.256205_B.jpg,100.08120536804199,0,0,,,,2.5115023112782517,0.32193,2.490784,1.6993322114148406
1707226991.109431_B.jpg,89.21074867248535,0,0,,,,2.3763693477403716,0.339396,2.352008,1.714107613674483
1707226991.135115_F.jpg,90.22402763366699,1,1,36.57112121582031,12.940756852428118,3.024064779281616,2.3763693477403716,0.339396,2.352008,1.714107613674483
1707226992.125665_B.jpg,91.15767478942871,0,0,,,,2.2849959017523425,0.343825,2.25898,1.7218407329613021
1707226992.158033_F.jpg,89.38193321228027,1,1,37.91181776258681,15.382024096263958,2.7645375728607178,2.2849959017523425,0.343825,2.25898,1.7218407329613021
1707226993.150371_B.jpg,88.89341354370117,0,0,,,,2.0930795890022913,0.372497,2.059667,1.749715392830787
1707226993.215898_F.jpg,88.46616744995117,1,1,38.768980238172745,16.558664283365943,2.6606812477111816,2.0058835545576916,0.383002,1.968979,1.7629152888141528
1707226994.162030_B.jpg,85.19101142883301,0,0,,,,1.8842731249065248,0.396267,1.842134,1.7826805066389169
1707226994.277942_F.jpg,91.2933349609375,1,1,43.5387929280599,19.853406670800823,2.400876998901367,1.842609594991842,0.40136,1.798366,1.790378151342717
1707226995.138635_F.jpg,107.15651512145996,1,1,48.07561238606771,22.616363093141974,2.211301565170288,1.7212156630896083,0.416577,1.670044,1.815248552034621
1707226995.260639_B.jpg,109.59887504577637,0,0,,,,1.6212285271663585,0.420587,1.565723,1.8332229634957455
1707226996.107994_B.jpg,107.56659507751465,0,0,,,,1.5113556818300582,0.431254,1.448522,1.860160086894925
1707226996.139320_F.jpg,116.1348819732666,1,1,55.54640028211806,27.640893052757523,2.029555320739746,1.5113556818300582,0.431254,1.448522,1.860160086894925
1707226997.133195_B.jpg,111.61565780639648,0,0,,,,1.4151418857573965,0.444588,1.343491,1.8903732829586888
1707226997.172830_F.jpg,104.03203964233398,1,1,63.31456502278646,34.92477031621901,1.8463616371154785,1.4151418857573965,0.444588,1.343491,1.8903732829586888
1707226998.145538_B.jpg,106.66084289550781,0,0,,,,1.2381345902174772,0.463802,1.147983,1.9547588482762401
1707226998.202960_F.jpg,89.23530578613281,1,1,72.84325493706598,41.52410187735869,1.7475652694702148,1.2381345902174772,0.463802,1.147983,1.9547588482762401
1707226999.136640_B.jpg,87.30745315551758,0,0,,,,1.0380688347744575,0.471711,0.924703,2.042508412595715
1707226999.242043_F.jpg,91.39084815979004,1,1,83.08546278211806,51.698751202558114,1.6124763488769531,1.0380688347744575,0.471711,0.924703,2.042508412595715
1707227000.128600_F.jpg,90.99411964416504,1,1,97.09438747829861,68.53715751038428,1.402820348739624,0.8775389303780203,0.481645,0.733548,2.1517947900514507
1707227000.243446_B.jpg,89.30110931396484,0,0,,,,0.8775389303780203,0.481645,0.733548,2.1517947900514507
1707227001.122231_B.jpg,88.59848976135254,0,0,,,,0.7182402851727269,0.486622,0.528269,2.315181567163692
1707227001.153068_F.jpg,91.75348281860352,1,1,114.35173882378473,96.14983871870209,1.2553013563156128,0.7182402851727269,0.486622,0.528269,2.315181567163692
1707227002.117691_B.jpg,86.67898178100586,0,0,,,,0.5785669152690984,0.48842,0.310138,2.575847317950196
1707227002.168046_F.jpg,94.59996223449707,1,1,135.80144246419272,141.23074779005643,0.9106466770172119,0.5785669152690984,0.48842,0.310138,2.575847317950196
1707227003.131012_B.jpg,87.08930015563965,0,0,,,,0.4981351023808702,0.4912,0.082832,2.974532447536045
1707227003.170165_F.jpg,93.91951560974121,1,1,164.59600660536023,195.57050353887686,0.7217390537261963,0.4981351023808702,0.4912,0.082832,2.974532447536045
1707227004.171728_B.jpg,85.48641204833984,0,0,,,,0.5014120855314519,0.501301,0.010554,-3.120542543769369
1707227004.242057_F.jpg,91.86744689941406,1,1,204.2811075846354,295.3114324795473,0.6690041422843933,0.5014120855314519,0.501301,0.010554,-3.120542543769369
1707227005.151037_F.jpg,89.39933776855469,1,1,257.7813890245226,471.21997207989216,0.5759981870651245,0.5664139613471758,0.509272,0.247925,-2.688542617469003
1707227005.258706_B.jpg,89.02215957641602,0,0,,,,0.5664139613471758,0.509272,0.247925,-2.688542617469003
1707227006.104991_B.jpg,89.22886848449707,0,0,,,,0.7045861339453112,0.507732,0.488518,-2.3754784231781434
1707227006.124415_F.jpg,92.75364875793457,1,1,329.51058281792535,649.1973284897135,0.4821246862411499,0.7045861339453112,0.507732,0.488518,-2.3754784231781434
1707227007.140201_B.jpg,87.60619163513184,0,0,,,,0.8565216199536355,0.510098,0.688062,-2.208741446839657
1707227007.194655_F.jpg,83.27364921569824,0,0,,,,0.8565216199536355,0.510098,0.688062,-2.208741446839657
1707227008.143517_B.jpg,91.00198745727539,1,1,-361.26663419935437,630.6191888519809,0.4919182062149048,1.0331688051833543,0.506602,0.90044,-2.0832739427325664
1707227008.170740_F.jpg,95.32308578491211,0,0,,,,1.0331688051833543,0.506602,0.90044,-2.0832739427325664
1707227009.173477_B.jpg,114.78710174560547,1,1,-286.2616221110026,575.9573460938329,0.5207338333129883,1.137250358048306,0.514841,1.01404,-2.0405950520597913
1707227009.240232_F.jpg,109.62772369384766,0,0,,,,1.137250358048306,0.514841,1.01404,-2.0405950520597913
1707227010.148626_F.jpg,99.02811050415039,0,0,,,,1.3426776234692377,0.509866,1.242103,-1.9603096215047415
1707227010.262339_B.jpg,89.97988700866699,1,1,-222.0796373155382,392.01580400186674,0.6178747415542603,1.3426776234692377,0.509866,1.242103,-1.9603096215047415
1707227011.110710_B.jpg,82.98921585083008,1,1,-180.09117974175348,255.46689799990014,0.6900707483291626,1.5314729924830537,0.508676,1.444527,-1.9093764929174109
1707227011.124979_F.jpg,100.27217864990234,0,0,,,,1.5314729924830537,0.508676,1.444527,-1.9093764929174109
1707227012.131598_B.jpg,90.50321578979492,1,1,-139.14735582139758,138.56113747654794,0.9216208457946777,1.7051819080746193,0.48604,1.634445,-1.8598413955074788
1707227012.180091_F.jpg,87.81099319458008,0,0,,,,1.7051819080746193,0.48604,1.634445,-1.8598413955074788
1707227013.126944_B.jpg,91.48716926574707,1,1,-115.6717512342665,94.589403830289,1.2640225887298584,1.877905448646976,0.459753,1.820757,-1.818132665565137
1707227013.154594_F.jpg,83.22763442993164,0,0,,,,1.877905448646976,0.459753,1.820757,-1.818132665565137
1707227014.164335_B.jpg,90.0580883026123,1,1,-99.5958964029948,70.99481867335271,1.3920543193817139,2.045649029100789,0.43949,1.997881,-1.787325710997224
1707227014.254100_F.jpg,86.41457557678223,0,0,,,,2.045649029100789,0.43949,1.997881,-1.787325710997224
1707227015.148801_F.jpg,87.17107772827148,0,0,,,,2.120624693253618,0.428769,2.076826,-1.7743898675766467
1707227015.265239_B.jpg,89.10083770751953,1,1,-86.8194580078125,56.543773519131065,1.5429165363311768,2.1876842740509885,0.414027,2.148149,-1.7611982225812863
1707227016.109658_B.jpg,95.98302841186523,1,1,-73.40999179416232,44.82212526307666,1.7091443538665771,2.2940514634665456,0.386532,2.261253,-1.7400971082254988
1707227016.131192_F.jpg,85.10065078735352,0,0,,,,2.2940514634665456,0.386532,2.261253,-1.7400971082254988
1707227017.129506_B.jpg,94.42424774169922,1,1,-63.73507181803385,36.30811644202087,1.8237309455871582,2.513151065306859,0.322923,2.492318,-1.699645832366074
1707227017.180723_F.jpg,87.6164436340332,0,0,,,,2.513151065306859,0.322923,2.492318,-1.699645832366074
1707227018.139095_B.jpg,93.45126152038574,1,1,-54.80045742458768,30.662125209346414,1.9491052627563477,2.7444816113273562,0.297083,2.728355,-1.6792562479017652
1707227018.176306_F.jpg,88.90008926391602,0,0,,,,2.7444816113273562,0.297083,2.728355,-1.6792562479017652
1707227019.172824_B.jpg,92.48709678649902,1,1,-44.91004943847656,25.30559132459148,2.0907115936279297,2.8286019303175203,0.27488,2.815214,-1.6681286851840116
1707227019.243256_F.jpg,86.81225776672363,0,0,,,,2.8286019303175203,0.27488,2.815214,-1.6681286851840116
1707227020.139838_F.jpg,88.31381797790527,0,0,,,,2.9778401933638077,0.227242,2.969157,-1.6471815985355254
1707227020.259191_B.jpg,91.45808219909668,1,1,-34.578704833984375,22.952304019903142,2.1893606185913086,2.9778401933638077,0.227242,2.969157,-1.6471815985355254
1707227021.099962_B.jpg,123.34036827087402,1,1,-27.642228868272568,19.60276254168194,2.4210686683654785,3.16161466001314,0.183981,3.156257,-1.6290213209161621
1707227021.116522_F.jpg,100.95715522766113,0,0,,,,3.16161466001314,0.183981,3.156257,-1.6290213209161621
1707227022.127260_B.jpg,107.02204704284668,1,1,-21.246719360351562,17.15782505602369,2.60939359664917,3.355675709195541,0.154481,3.352118,-1.6168483385132646
1707227022.184883_F.jpg,112.82849311828613,0,0,,,,3.355675709195541,0.154481,3.352118,-1.6168483385132646
1707227023.138006_B.jpg,102.87332534790039,1,1,-15.867657131618923,14.157153085236335,2.89282488822937,3.5764938075934087,0.116527,3.574595,-1.6033834449491262
1707227023.168177_F.jpg,111.65070533752441,0,0,,,,3.5764938075934087,0.116527,3.574595,-1.6033834449491262
1707227024.167268_B.jpg,89.97106552124023,1,1,-11.330880059136284,13.042310000552485,3.0113744735717773,3.767775197929542,0.084702,3.766823,-1.5932788613441269
1707227024.231652_F.jpg,88.22059631347656,0,0,,,,3.767775197929542,0.084702,3.766823,-1.5932788613441269
1707227025.142617_F.jpg,83.6954116821289,0,0,,,,3.969025795908739,0.050067,3.96871,-1.5834110918477513
1707227025.257355_B.jpg,88.75441551208496,1,1,-7.180870903862847,11.15012866289306,3.291456460952759,3.969025795908739,0.050067,3.96871,-1.5834110918477513
1707227026.111254_B.jpg,93.19782257080078,1,1,-4.658593071831597,9.750834278428904,3.4791555404663086,4.0407193410225855,0.026415,4.040633,-1.577333575714005
1707227026.127430_F.jpg,70.41549682617188,0,0,,,,4.0407193410225855,0.026415,4.040633,-1.577333575714005
1707227027.124649_B.jpg,94.3150520324707,1,1,-1.6094631618923612,8.807609898733826,3.626610517501831,4.240669469338185,0.013176,4.240649,-1.5676892652106098
1707227027.178945_F.jpg,83.41336250305176,0,0,,,,4.240669469338185,0.013176,4.240649,-1.5676892652106098
1707227028.135704_B.jpg,95.00932693481445,1,1,1.0474310980902777,7.860853435866172,3.8003671169281006,4.4716885173929555,0.04339,4.471478,-1.561092904755011
1707227028.164555_F.jpg,83.35518836975098,0,0,,,,4.4716885173929555,0.04339,4.471478,-1.561092904755011
1707227029.171066_B.jpg,89.17713165283203,1,1,3.522491455078125,7.491184862324807,3.897021532058716,4.699476838952396,0.069763,4.698959,-1.5559509376342384
1707227029.228352_F.jpg,90.2872085571289,0,0,,,,4.699476838952396,0.069763,4.698959,-1.5559509376342384
1707227030.147895_F.jpg,84.9299430847168,0,0,,,,4.923148959591717,0.108555,4.921952,-1.548744627899632
1707227030.256989_B.jpg,89.4765853881836,1,1,5.903286404079861,6.667704148114556,4.109806060791016,4.923148959591717,0.108555,4.921952,-1.548744627899632
1707227031.110089_B.jpg,96.33302688598633,1,1,7.761637369791667,6.245857104174017,4.22477912902832,5.094584648040015,0.120938,5.093149,-1.5470555569973314
1707227031.117744_F.jpg,86.92216873168945,0,0,,,,5.094584648040015,0.120938,5.093149,-1.5470555569973314
1707227032.128164_B.jpg,93.12033653259277,1,1,9.557257758246529,5.533178417115575,4.457728862762451,5.331219432776708,0.145996,5.32922,-1.5434077984970127
1707227032.161823_F.jpg,85.20054817199707,0,0,,,,5.331219432776708,0.145996,5.32922,-1.5434077984970127
1707227033.131507_B.jpg,88.46020698547363,1,1,11.19571261935764,4.923356065122744,4.726287841796875,5.536741462945602,0.167574,5.534205,-1.5405258879121038
1707227033.164955_F.jpg,86.52138710021973,0,0,,,,5.536741462945602,0.167574,5.534205,-1.5405258879121038
1707227034.159623_B.jpg,105.1473617553711,1,1,12.439812554253471,4.539267821787184,4.958690166473389,5.7250977994819445,0.163873,5.722752,-1.5421688009143524
1707227034.275237_F.jpg,110.28265953063965,0,0,,,,5.7250977994819445,0.163873,5.722752,-1.5421688009143524
1707227035.139598_F.jpg,84.25736427307129,0,0,,,,5.936613974603537,0.171613,5.934133,-1.5418847433509983
1707227035.262222_B.jpg,90.10124206542969,1,1,13.025156656901041,4.331583530680898,5.058567047119141,5.936613974603537,0.171613,5.934133,-1.5418847433509983
1707227036.109169_B.jpg,92.21792221069336,1,1,14.032363891601562,3.9710488519631326,5.231950283050537,6.051517673080365,0.165652,6.04925,-1.5434192780060412
1707227036.131967_F.jpg,85.32857894897461,0,0,,,,6.162363151477849,0.168976,6.160046,-1.5433722399149064
1707227037.122983_B.jpg,94.3918228149414,1,1,14.552985297309029,3.6722172885977975,5.400268077850342,6.1623181409779555,0.168975,6.160001,-1.5433722018926495
1707227037.152010_F.jpg,85.38484573364258,0,0,,,,6.258068145828471,0.172437,6.255692,-1.5432384888677517
1707227038.148594_B.jpg,84.25307273864746,1,1,14.016299777560764,3.257725533815877,5.716180324554443,6.369125936859154,0.175556,6.366706,-1.543229241582192
1707227038.210799_F.jpg,100.82721710205078,0,0,,,,6.490664336106821,0.168685,6.488472,-1.5448045352094055
1707227039.163258_B.jpg,94.13719177246094,1,1,13.900926378038195,3.0317741736696378,5.949418067932129,6.616467087664383,0.171695,6.614239,-1.5448437643444142
1707227039.282541_F.jpg,86.03477478027344,0,0,,,,6.706896447621732,0.173961,6.70464,-1.5448557873885522
1707227040.119689_F.jpg,87.42880821228027,0,0,,,,6.828646623508644,0.176316,6.82637,-1.5449734066009815
1707227040.235223_B.jpg,91.24183654785156,1,1,13.939158121744791,2.8526771259939667,6.187652587890625,6.928338327206748,0.168419,6.926291,-1.5464852173622985
1707227041.110189_B.jpg,84.23328399658203,1,1,13.969336615668404,2.656080263032992,6.4419474601745605,7.023560020716559,0.170592,7.021488,-1.5465054006936798
1707227041.141688_F.jpg,99.80177879333496,0,0,,,,7.023560020716559,0.170592,7.021488,-1.5465054006936798
1707227042.124486_B.jpg,93.2011604309082,1,1,13.369496663411459,2.2409246012102813,7.047590732574463,7.256052626311085,0.173836,7.25397,-1.5468366558435598
1707227042.167091_F.jpg,86.44771575927734,0,0,,,,7.256052626311085,0.173836,7.25397,-1.5468366558435598
1707227043.154770_B.jpg,91.34435653686523,1,1,13.20953369140625,2.1779458134803047,7.1682233810424805,7.360717414272334,0.165616,7.358854,-1.5482944471969542
1707227043.211575_F.jpg,88.3176326751709,0,0,,,,7.360717414272334,0.165616,7.358854,-1.5482944471969542
1707227044.124310_B.jpg,91.60733222961426,1,1,13.0340576171875,2.067716629891139,7.409792900085449,7.582955192797199,0.168133,7.581091,-1.5486220194157727
1707227044.245713_F.jpg,87.22543716430664,0,0,,,,7.582955192797199,0.168133,7.581091,-1.5486220194157727
1707227045.132990_F.jpg,100.62384605407715,0,0,,,,7.783819194191114,0.160077,7.782173,-1.5502295225287035
1707227045.249841_B.jpg,108.63566398620605,1,1,12.966071234809029,2.0393108130744544,7.471982479095459,7.783819194191114,0.160077,7.782173,-1.5502295225287035
1707227046.123182_B.jpg,112.46347427368164,1,1,12.319480048285591,1.972880116865085,7.619632244110107,8.00512642476838,0.163037,8.003466,-1.5504283444955989
1707227046.152529_F.jpg,108.1991195678711,0,0,,,,8.00512642476838,0.163037,8.003466,-1.5504283444955989
1707227047.117081_B.jpg,110.84485054016113,1,1,12.267049153645834,1.834822130169616,7.926037788391113,8.165474367678403,0.165253,8.163802,-1.550556929145237
1707227047.170133_F.jpg,91.19033813476562,0,0,,,,8.165474367678403,0.165253,8.163802,-1.550556929145237
1707227048.132453_B.jpg,117.26260185241699,1,0,,,,8.386598853966607,0.157223,8.385125,-1.5520482963399485
1707227048.166085_F.jpg,108.03794860839844,0,0,,,,8.386598853966607,0.157223,8.385125,-1.5520482963399485
1707227049.170045_B.jpg,110.63671112060547,1,0,,,,8.595785958192536,0.158094,8.594332,-1.5524032542914268
1707227049.226728_F.jpg,88.73915672302246,0,0,,,,8.595785958192536,0.158094,8.594332,-1.5524032542914268
1707227050.143845_F.jpg,83.83727073669434,0,0,,,,8.816091680309649,0.147123,8.814864,-1.5541075450881179
1707227050.262709_B.jpg,89.97702598571777,1,1,11.71603732638889,1.6289781636406127,8.361924171447754,8.816091680309649,0.147123,8.814864,-1.5541075450881179
1707227051.113967_B.jpg,90.97075462341309,1,0,,,,9.017281500386689,0.14572,9.016104,-1.5546355422880611
1707227051.120458_F.jpg,71.41470909118652,0,0,,,,9.017281500386689,0.14572,9.016104,-1.5546355422880611
1707227052.131867_B.jpg,108.29329490661621,1,1,11.340798272026909,1.4787637692930775,8.730751991271973,9.239510808997736,0.144231,9.238385,-1.5551854507087537
1707227052.168209_F.jpg,81.66074752807617,0,0,,,,9.239510808997736,0.144231,9.238385,-1.5551854507087537
1707227053.133037_B.jpg,93.3980941772461,1,1,10.920249091254341,1.3317134609319454,9.221048355102539,9.429469840508427,0.132633,9.428537,-1.5567300668533175
1707227053.167228_F.jpg,81.96067810058594,0,0,,,,9.429469840508427,0.132633,9.428537,-1.5567300668533175
1707227054.163404_B.jpg,96.70376777648926,1,1,11.084832085503471,1.3188446865109498,9.282135963439941,9.665765741970214,0.130407,9.664886,-1.5573042807416662
1707227054.273446_F.jpg,87.25595474243164,0,0,,,,9.665765741970214,0.130407,9.664886,-1.5573042807416662
1707227055.230433_B.jpg,84.6552848815918,1,0,,,,9.866102693218231,0.117918,9.865398,-1.5588442104217777
1707227055.255696_F.jpg,85.99185943603516,0,0,,,,9.866102693218231,0.117918,9.865398,-1.5588442104217777
1707227056.114372_B.jpg,89.3106460571289,1,1,10.886679755316841,1.2506396950935417,9.605904579162598,10.066596222820303,0.115116,10.065938,-1.5593606332852954
1707227056.135986_F.jpg,89.63942527770996,0,0,,,,10.066596222820303,0.115116,10.065938,-1.5593606332852954
1707227057.125477_B.jpg,88.76633644104004,1,1,10.371568467881945,1.1813326984540455,9.934903144836426,10.247464143278473,0.112463,10.246847,-1.5598213913241161
1707227057.154456_F.jpg,86.98368072509766,0,0,,,,10.247464143278473,0.112463,10.246847,-1.5598213913241161
1707227058.136543_B.jpg,89.64657783508301,1,1,10.282389322916666,1.2056921144701644,9.819269180297852,10.322733756511061,0.096038,10.322287,-1.5614926493231949
1707227058.195112_F.jpg,87.86940574645996,0,0,,,,10.322733756511061,0.096038,10.322287,-1.5614926493231949
1707227059.172755_B.jpg,85.84403991699219,1,1,9.947882758246529,1.1872675005392528,9.906730651855469,10.431287094792522,0.028559,10.431248,-1.5735341515157306
1707227059.289546_F.jpg,109.3595027923584,0,0,,,,10.431287094792522,0.028559,10.431248,-1.5735341515157306
1707227060.136290_F.jpg,103.05547714233398,0,0,,,,10.539745861443244,0.148547,10.538699,-1.584890776537561
1707227060.256964_B.jpg,83.04595947265625,1,1,9.265560574001736,1.1034709984942535,10.304512023925781,10.539745861443244,0.148547,10.538699,-1.584890776537561
1707227061.105986_B.jpg,106.24504089355469,1,1,8.996836344401041,1.0119533952092752,10.738945007324219,10.595931127009933,0.247807,10.593033,-1.5941854553509223
1707227061.137361_F.jpg,86.86971664428711,0,0,,,,10.599413350839423,0.269447,10.595988,-1.5962200007323215
1707227062.126837_B.jpg,90.11435508728027,1,1,8.691491021050346,0.9315984504711297,11.120389938354492,10.608862018071354,0.281034,10.605139,-1.5972899204527111
1707227062.163863_F.jpg,90.24548530578613,0,0,,,,10.603874431557033,0.290225,10.599902,-1.5981694580727435
1707227063.142604_B.jpg,89.36786651611328,1,1,5.129920111762153,0.939056353789415,11.08498764038086,10.605583921829906,0.296124,10.601449,-1.5987214738322297
1707227063.197969_F.jpg,88.93465995788574,0,0,,,,10.576521775923359,0.297566,10.572335,-1.5989346199802854
1707227064.154948_B.jpg,87.9364013671875,1,0,,,,10.545699478812015,0.30271,10.541354,-1.5995048620477066
1707227064.258311_F.jpg,90.14344215393066,0,0,,,,10.489343438566829,0.286941,10.485418,-1.5981552173796156
1707227065.127084_F.jpg,85.77370643615723,0,0,,,,10.41770353449401,0.26834,10.414247,-1.596557252026023
1707227065.240873_B.jpg,85.74604988098145,1,0,,,,10.35664965000096,0.239112,10.353889,-1.5938861537276021
1707227066.108037_B.jpg,90.4853343963623,1,0,,,,10.259512528066915,0.195431,10.257651,-1.5898462397666429
1707227066.137688_F.jpg,86.34614944458008,0,0,,,,10.259512528066915,0.195431,10.257651,-1.5898462397666429
1707227067.123985_B.jpg,82.64899253845215,1,0,,,,10.160660744396154,0.164317,10.159332,-1.5869689131329359
1707227067.179859_F.jpg,96.54855728149414,0,0,,,,10.160660744396154,0.164317,10.159332,-1.5869689131329359
1707227068.133734_B.jpg,89.31684494018555,1,0,,,,9.969632228114536,0.087982,9.969244,-1.5796214409056581
1707227068.167697_F.jpg,91.04061126708984,0,0,,,,9.969632228114536,0.087982,9.969244,-1.5796214409056581
1707227069.165015_B.jpg,85.40582656860352,1,0,,,,9.847876464133574,0.047894,9.84776,-1.5756597294765382
1707227069.222835_F.jpg,86.37571334838867,0,0,,,,9.847876464133574,0.047894,9.84776,-1.5756597294765382
1707227070.137504_F.jpg,89.19644355773926,0,0,,,,9.678131240146365,0.002156,9.678131,-1.571019097076094
1707227070.257067_B.jpg,103.65581512451172,1,0,,,,9.678131240146365,0.002156,9.678131,-1.571019097076094
1707227071.102504_B.jpg,136.4755630493164,1,1,3.1646728515625,1.039326946929465,10.609004020690918,9.525016147396812,0.016987,9.525001,-1.5690129167993854
1707227071.108378_F.jpg,98.97041320800781,0,0,,,,9.525016147396812,0.016987,9.525001,-1.5690129167993854
1707227072.123098_B.jpg,125.22721290588379,1,1,4.608917236328125,1.115329878909203,10.248218536376953,9.342804308410297,0.054901,9.342643,-1.5649200059222008
1707227072.158481_F.jpg,147.02296257019043,0,0,,,,9.342804308410297,0.054901,9.342643,-1.5649200059222008
1707227073.139328_B.jpg,91.63689613342285,1,1,6.258138020833333,1.1756106258770969,9.962066650390625,9.19674679561474,0.070705,9.196475,-1.5631082064078532
1707227073.173549_F.jpg,79.09798622131348,0,0,,,,9.19674679561474,0.070705,9.196475,-1.5631082064078532
1707227074.166016_B.jpg,99.82895851135254,1,1,6.503465440538195,1.149329950567335,10.086819648742676,8.991201023665358,0.080125,8.990844,-1.561884718618905
1707227074.277788_F.jpg,87.42117881774902,0,0,,,,8.991201023665358,0.080125,8.990844,-1.561884718618905
1707227075.141574_F.jpg,81.43973350524902,0,0,,,,8.793178698712373,0.083208,8.792785,-1.5613333959592266
1707227075.256231_B.jpg,90.33584594726562,1,1,8.04044935438368,1.0755746508948505,10.436936378479004,8.793178698712373,0.083208,8.792785,-1.5613333959592266
1707227076.102912_B.jpg,93.8878059387207,1,1,8.763037787543404,1.2115955600165762,9.79124641418457,8.550784603163969,0.090185,8.550309,-1.5602491458889831
1707227076.126879_F.jpg,83.43052864074707,0,0,,,,8.550784603163969,0.090185,8.550309,-1.5602491458889831
1707227077.130681_B.jpg,89.019775390625,1,1,9.030999077690971,1.1856196171540858,9.914554595947266,8.361378390357956,0.110288,8.360651,-1.5576057745801368
1707227077.159109_F.jpg,82.54718780517578,0,0,,,,8.361378390357956,0.110288,8.360651,-1.5576057745801368
1707227078.146820_B.jpg,87.99910545349121,1,0,,,,8.258175933364946,0.115942,8.257362,-1.556756203382387
1707227078.209679_F.jpg,77.42476463317871,0,0,,,,8.258175933364946,0.115942,8.257362,-1.556756203382387
1707227079.163800_B.jpg,102.04267501831055,1,1,9.400685628255209,1.25989167071465,9.56198501586914,8.026880286597528,0.129102,8.025842,-1.5547119251123225
1707227079.283334_F.jpg,89.19167518615723,0,0,,,,8.026880286597528,0.129102,8.025842,-1.5547119251123225
1707227080.114615_F.jpg,88.20486068725586,0,0,,,,7.8218630632956625,0.149982,7.820425,-1.551620435968482
1707227080.238778_B.jpg,83.36448669433594,1,1,9.936099582248264,1.506802422442922,8.657926559448242,7.8218630632956625,0.149982,7.820425,-1.551620435968482
1707227081.110623_B.jpg,101.29475593566895,1,1,10.205586751302084,1.5686843776895756,8.497200012207031,7.59248611951507,0.169673,7.59059,-1.5484469772875864
1707227081.142986_F.jpg,83.12535285949707,0,0,,,,7.59248611951507,0.169673,7.59059,-1.5484469772875864
1707227082.114753_B.jpg,101.77898406982422,1,1,11.033121744791666,1.5869294462098888,8.449810981750488,7.375995891443135,0.181235,7.373769,-1.5462229344294671
1707227082.156848_F.jpg,90.24214744567871,0,0,,,,7.375995891443135,0.181235,7.373769,-1.5462229344294671
1707227083.146562_B.jpg,95.0157642364502,1,1,11.433325873480904,1.6595517233428028,8.305549621582031,7.260468396399919,0.187729,7.258041,-1.544937124092308
1707227083.199370_F.jpg,86.26747131347656,0,0,,,,7.260468396399919,0.187729,7.258041,-1.544937124092308
1707227084.159094_B.jpg,90.41285514831543,1,1,12.220848931206596,1.8234515824588016,7.951264381408691,7.034753658560405,0.20985,7.031623,-1.5409614320138991
1707227084.261411_F.jpg,84.8836898803711,0,0,,,,7.034753658560405,0.20985,7.031623,-1.5409614320138991
1707227085.119252_F.jpg,90.3465747833252,0,0,,,,6.799408708233754,0.223726,6.795727,-1.5378866431722296
1707227085.239281_B.jpg,87.99028396606445,1,0,,,,6.799408708233754,0.223726,6.795727,-1.5378866431722296
1707227086.110626_B.jpg,93.31440925598145,1,1,13.923729790581596,1.9824547214537032,7.598310470581055,6.585763836674756,0.246822,6.581137,-1.5333094347542477
1707227086.138340_F.jpg,88.99736404418945,0,0,,,,6.585763836674756,0.246822,6.581137,-1.5333094347542477
1707227087.128271_B.jpg,84.98668670654297,1,1,14.57426283094618,2.0793200407448844,7.384389877319336,6.491253896350843,0.251473,6.486381,-1.5320463489464242
1707227087.185301_F.jpg,88.33003044128418,0,0,,,,6.389788923298328,0.256341,6.384645,-1.5306682706125068
1707227088.134241_B.jpg,98.13928604125977,1,1,15.040418836805555,2.1688358568985957,7.188193321228027,6.389607788186377,0.256334,6.384464,-1.5306682288471554
1707227088.165828_F.jpg,88.2272720336914,0,0,,,,6.269103333333245,0.271513,6.263221,-1.5274730733491504
1707227089.162982_B.jpg,91.31479263305664,1,1,16.169569227430557,2.2354875505293927,7.056631565093994,6.163858119921726,0.277086,6.157627,-1.5258278342923088
1707227089.224168_F.jpg,90.98362922668457,0,0,,,,6.033094493962531,0.28288,6.026459,-1.523891085318168
1707227090.142967_F.jpg,85.36148071289062,0,0,,,,5.937835991143744,0.288751,5.930811,-1.5221481446791898
1707227090.258070_B.jpg,94.99311447143555,1,1,17.108239067925346,2.453660889134173,6.703773021697998,5.827287634146782,0.304586,5.819322,-1.5185035827125435
1707227091.116126_B.jpg,94.97857093811035,1,1,18.410322401258682,2.6846006084168845,6.405056953430176,5.7061427108827205,0.310436,5.697692,-1.516365626948033
1707227091.131507_F.jpg,82.31782913208008,0,0,,,,5.7061427108827205,0.310436,5.697692,-1.516365626948033
1707227092.128468_B.jpg,95.13592720031738,1,1,19.31961907280816,2.931293030269444,6.083549976348877,5.491173922180393,0.321997,5.481725,-1.5121236597849832
1707227092.181020_F.jpg,86.20977401733398,0,0,,,,5.491173922180393,0.321997,5.481725,-1.5121236597849832
1707227093.140302_B.jpg,95.98541259765625,1,1,20.591905381944443,3.1061435786088825,5.8501434326171875,5.406417388598572,0.328075,5.396454,-1.5100765081842409
1707227093.167765_F.jpg,83.46915245056152,0,0,,,,5.406417388598572,0.328075,5.396454,-1.5100765081842409
1707227094.155619_B.jpg,94.27881240844727,1,1,21.404732598198784,3.35708474740386,5.640451908111572,5.15177245606597,0.351518,5.139766,-1.5025108319645797
1707227094.229259_F.jpg,86.28416061401367,0,0,,,,5.15177245606597,0.351518,5.139766,-1.5025108319645797
1707227095.228758_B.jpg,92.42105484008789,1,1,22.811804877387154,3.554634828308028,5.4898858070373535,4.917654776739112,0.373847,4.903424,-1.4947015113898647
1707227095.260856_F.jpg,88.91940116882324,0,0,,,,4.917654776739112,0.373847,4.903424,-1.4947015113898647
1707227096.108908_B.jpg,95.04413604736328,1,1,23.906707763671875,3.833780181594193,5.296841621398926,4.697181639120421,0.388847,4.681059,-1.4879184363166356
1707227096.126378_F.jpg,87.27407455444336,0,0,,,,4.697181639120421,0.388847,4.681059,-1.4879184363166356
1707227097.132081_B.jpg,93.31798553466797,1,1,25.13190375434028,4.257130772910184,5.094371795654297,4.488792214506815,0.398696,4.471051,-1.4818587968533756
1707227097.170990_F.jpg,89.33520317077637,0,0,,,,4.488792214506815,0.398696,4.471051,-1.4818587968533756
1707227098.138158_B.jpg,118.63064765930176,1,1,26.663801405164932,4.434120843911336,5.009256839752197,4.277440230583824,0.402096,4.258499,-1.4766534403981364
1707227098.173929_F.jpg,90.42906761169434,0,0,,,,4.277440230583824,0.402096,4.258499,-1.4766534403981364
1707227099.167804_B.jpg,110.57639122009277,1,1,28.643205430772568,4.950280447851975,4.713872909545898,4.180947228422047,0.404879,4.161297,-1.4738052680836202
1707227099.279953_F.jpg,86.35711669921875,0,0,,,,4.180947228422047,0.404879,4.161297,-1.4738052680836202
1707227100.230203_B.jpg,93.27292442321777,1,1,30.567974514431423,5.575774543858306,4.441829204559326,3.947007653789387,0.400224,3.926664,-1.4692224087765153
1707227100.255291_F.jpg,85.35432815551758,0,0,,,,3.947007653789387,0.400224,3.926664,-1.4692224087765153
1707227101.108561_B.jpg,94.98858451843262,1,1,32.18900892469618,5.901245688114108,4.320342540740967,3.7307183448929777,0.39462,3.709789,-1.4648222051089195
1707227101.130954_F.jpg,85.30616760253906,0,0,,,,3.7307183448929777,0.39462,3.709789,-1.4648222051089195
1707227102.129545_B.jpg,90.08312225341797,1,1,33.185831705729164,6.501057203826753,4.154691219329834,3.529999580690202,0.389068,3.508493,-1.4603543689147833
1707227102.159061_F.jpg,93.68157386779785,0,0,,,,3.529999580690202,0.389068,3.508493,-1.4603543689147833
1707227103.133226_B.jpg,86.92121505737305,1,1,34.164343939887154,7.021663495106623,4.0192341804504395,3.3187771748642603,0.3832,3.29658,-1.4550739994416044
1707227103.192315_F.jpg,100.17275810241699,0,0,,,,3.3187771748642603,0.3832,3.29658,-1.4550739994416044
1707227104.158488_B.jpg,94.15411949157715,1,1,35.42637295193143,7.744232195366266,3.830859422683716,3.1426362722583723,0.377383,3.119895,-1.4504209780779969
1707227104.272605_F.jpg,85.32071113586426,0,0,,,,3.1426362722583723,0.377383,3.119895,-1.4504209780779969
1707227105.132745_F.jpg,88.64736557006836,0,0,,,,3.0125965200819707,0.369239,2.989883,-1.4479223321228845
1707227105.249136_B.jpg,90.29626846313477,1,1,36.25310262044271,8.608760574942506,3.658240556716919,3.0125965200819707,0.369239,2.989883,-1.4479223321228845
1707227106.113665_B.jpg,90.73424339294434,1,1,37.80013190375434,9.287645746048334,3.5502524375915527,2.7798982356690685,0.36391,2.755976,-1.4395118539183924
1707227106.145145_F.jpg,94.93231773376465,0,0,,,,2.7798982356690685,0.36391,2.755976,-1.4395118539183924
1707227107.125849_B.jpg,93.31321716308594,1,1,39.48033650716146,10.863614540236691,3.3298888206481934,2.6180137819667793,0.355958,2.593702,-1.434408977957131
1707227107.165544_F.jpg,85.31570434570312,0,0,,,,2.6180137819667793,0.355958,2.593702,-1.434408977957131
1707227108.141054_B.jpg,93.24288368225098,1,1,40.85413614908854,12.60503008164017,3.0660178661346436,2.418988187409149,0.326672,2.396829,-1.4353375568139082
1707227108.196456_F.jpg,86.68279647827148,0,0,,,,2.418988187409149,0.326672,2.396829,-1.4353375568139082
1707227109.151091_B.jpg,112.12563514709473,1,1,42.58897569444444,14.282709344600638,2.8796751499176025,2.2083401942692165,0.275149,2.191132,-1.4458762972505377
1707227109.261038_F.jpg,120.18895149230957,0,0,,,,2.2083401942692165,0.275149,2.191132,-1.4458762972505377
1707227110.130102_F.jpg,132.25722312927246,0,0,,,,2.005545105246202,0.207941,1.994736,-1.4669266206024556
1707227110.237144_B.jpg,88.08135986328125,1,1,45.45707702636719,16.126696479630393,2.697657346725464,2.005545105246202,0.207941,1.994736,-1.4669266206024556
1707227111.107042_B.jpg,96.91977500915527,1,1,45.915773179796005,18.9792558948587,2.469000816345215,1.8899898578823118,0.170793,1.882257,-1.4803057279777416
1707227111.136044_F.jpg,90.73901176452637,0,0,,,,1.8899898578823118,0.170793,1.882257,-1.4803057279777416
1707227112.125649_B.jpg,88.27805519104004,1,1,44.29512023925781,22.430157069947548,2.2234628200531006,1.6826244506737087,0.101273,1.679574,-1.510572404537527
1707227112.176574_F.jpg,85.18218994140625,0,0,,,,1.6826244506737087,0.101273,1.679574,-1.510572404537527
1707227113.160079_B.jpg,89.98870849609375,1,1,42.14384290907118,25.013321815802353,2.098365545272827,1.47798796276898,0.020267,1.477849,-1.5570833360852854
1707227113.193765_F.jpg,84.28788185119629,0,0,,,,1.47798796276898,0.020267,1.477849,-1.5570833360852854
1707227114.131936_B.jpg,87.4638557434082,1,1,36.70289781358507,31.20044463965898,1.9343855381011963,1.3528790989360433,0.013967,1.352807,-1.5811204186746115
1707227114.196951_F.jpg,84.23686027526855,0,0,,,,1.2624298202898252,0.054774,1.261241,-1.6141977095998625
1707227115.141965_F.jpg,84.43546295166016,0,0,,,,1.1651120989007882,0.095726,1.161173,-1.653049378171359
1707227115.212078_B.jpg,87.74733543395996,1,1,30.470996432834202,38.47946325937907,1.7882094383239746,1.140429949209069,0.109478,1.135163,-1.6669415125423548
1707227116.127796_B.jpg,87.48555183410645,1,1,22.537061903211807,49.52883129800385,1.643629789352417,1.0497958995657204,0.149669,1.039072,-1.7138533969527294
1707227116.142113_F.jpg,84.32507514953613,0,0,,,,1.0497958995657204,0.149669,1.039072,-1.7138533969527294
1707227117.106454_B.jpg,86.48824691772461,1,1,11.09678480360243,61.5897664106645,1.4704715013504028,0.8727538135545441,0.248235,0.836707,-1.8592053162061766
1707227117.163788_F.jpg,86.22503280639648,0,0,,,,0.8727538135545441,0.248235,0.836707,-1.8592053162061766
1707227118.162331_B.jpg,87.40353584289551,1,1,-3.0242072211371527,81.9811119518155,1.3380634784698486,0.7372785769795567,0.356792,0.645197,-2.0759375787020766
1707227118.189741_F.jpg,83.35304260253906,0,0,,,,0.7372785769795567,0.356792,0.645197,-2.0759375787020766
1707227119.128444_B.jpg,85.34359931945801,1,1,-20.534896850585938,107.34836007533077,1.192713737487793,0.6797937052584409,0.389245,0.557322,-2.1804613047222365
1707227119.233849_F.jpg,87.22829818725586,0,0,,,,0.6797937052584409,0.389245,0.557322,-2.1804613047222365
1707227120.140434_F.jpg,76.50446891784668,0,0,,,,0.5731788210227241,0.471745,0.325562,-2.5375264596089937
1707227120.224316_B.jpg,104.04586791992188,1,1,-51.087866889105904,150.75425138108844,0.8714970350265503,0.5731788210227241,0.471745,0.325562,-2.5375264596089937
1707227121.132844_B.jpg,95.76892852783203,1,1,-92.14218987358942,236.77281879604885,0.6999545693397522,0.5264324678911816,0.484287,0.206391,-2.7387272130482407
1707227121.155817_F.jpg,88.23919296264648,0,0,,,,0.5264324678911816,0.484287,0.206391,-2.7387272130482407
1707227122.116003_B.jpg,87.76521682739258,1,1,-149.23909505208334,341.451318846359,0.6446090936660767,0.4642110908843088,0.454824,0.092882,-2.9401472671690114
1707227122.157132_F.jpg,87.67485618591309,0,0,,,,0.4642110908843088,0.454824,0.092882,-2.9401472671690114
1707227123.132566_B.jpg,91.85910224914551,1,1,-210.65902709960938,458.40694864042837,0.5827724933624268,0.4116636083806777,0.407124,0.060967,2.99294677888935
1707227123.196016_F.jpg,85.37149429321289,0,0,,,,0.4116636083806777,0.407124,0.060967,2.99294677888935
1707227124.158708_B.jpg,89.94889259338379,1,1,-271.7745886908637,568.355361136689,0.5247412323951721,0.4258560297999783,0.407134,0.124881,2.843971271255531
1707227124.275307_F.jpg,80.00779151916504,0,0,,,,0.4258560297999783,0.407134,0.124881,2.843971271255531
1707227125.121816_F.jpg,104.34365272521973,0,1,374.47458902994794,492.19239439907267,0.5649093985557556,0.4685768202034753,0.419476,0.208816,2.6797049743598524
1707227125.207312_B.jpg,88.40322494506836,1,1,-326.82120005289715,742.1342934837513,0.4331319332122803,0.4685768202034753,0.419476,0.208816,2.6797049743598524
1707227126.116658_B.jpg,89.2801284790039,0,1,-371.60202662150067,550.838221609826,0.5339756608009338,0.5278247091724676,0.426462,0.311013,2.5114804805895408
1707227126.154185_F.jpg,93.39332580566406,1,1,341.30113389756946,594.6703779999452,0.5108690857887268,0.5278247091724676,0.426462,0.311013,2.5114804805895408
1707227127.124135_B.jpg,89.54453468322754,0,0,,,,0.5886935638284149,0.426213,0.406082,2.380377112518904
1707227127.162116_F.jpg,94.34843063354492,1,1,294.0126207139757,725.7718750790199,0.4417576789855957,0.5886935638284149,0.426213,0.406082,2.380377112518904
1707227128.152958_B.jpg,86.0128402709961,0,0,,,,0.6228197933632168,0.355266,0.511557,2.177807839002585
1707227128.208758_F.jpg,97.97906875610352,1,1,232.06821017795139,470.1440728323054,0.5765668749809265,0.6228197933632168,0.355266,0.511557,2.177807839002585
1707227129.134198_B.jpg,82.84497261047363,0,0,,,,0.6748796054482608,0.312117,0.598369,2.051584394583992
1707227129.241654_F.jpg,101.56869888305664,1,1,206.14195929633246,435.23612516270344,0.5950233936309814,0.6748796054482608,0.312117,0.598369,2.051584394583992
1707227130.170479_B.jpg,78.54294776916504,0,0,,,,0.6740133641241841,0.221043,0.636737,1.90492956813681
1707227130.182831_F.jpg,101.04680061340332,1,1,177.85436842176648,380.8366511673537,0.6237853765487671,0.6740133641241841,0.221043,0.636737,1.90492956813681
1707227131.119060_B.jpg,92.68379211425781,0,0,,,,0.6788261315683125,0.073328,0.674854,1.6790292862367144
1707227131.153190_F.jpg,89.24531936645508,1,1,126.71432495117188,291.2782834816931,0.6711366176605225,0.6788261315683125,0.073328,0.674854,1.6790292862367144
1707227132.112144_B.jpg,89.02740478515625,0,0,,,,0.7341612767614484,0.048914,0.73253,1.6374714049981796
1707227132.167544_F.jpg,89.51807022094727,1,1,106.55932956271701,256.6960534874212,0.6894208192825317,0.7341612767614484,0.048914,0.73253,1.6374714049981796
1707227133.144954_B.jpg,117.20752716064453,0,0,,,,0.8055373965844168,0.0015,0.805536,1.5726584388125706
1707227133.180572_F.jpg,95.26991844177246,1,1,64.00956047905817,247.0024252769589,0.6945459842681885,0.8055373965844168,0.0015,0.805536,1.5726584388125706
1707227134.121409_B.jpg,87.07332611083984,0,0,,,,0.8246046268412517,0.007772,0.824568,1.5613710642874037
1707227134.179262_F.jpg,89.3409252166748,1,1,29.61815728081597,213.30985477446424,0.7123599052429199,0.8246046268412517,0.007772,0.824568,1.5613710642874037
1707227135.142281_F.jpg,90.24405479431152,1,1,14.920467800564236,188.11448122673656,0.7256811857223511,0.8299234097824931,0.003507,0.829916,1.5665706230783245
1707227135.254949_B.jpg,86.26008033752441,0,0,,,,0.8299234097824931,0.003507,0.829916,1.5665706230783245
1707227136.122747_B.jpg,89.36595916748047,0,0,,,,0.8020100256256152,0.010598,0.80194,1.584011010051525
1707227136.129327_F.jpg,85.4496955871582,1,1,2.1026611328125,152.95814894618363,0.8624376058578491,0.8020100256256152,0.010598,0.80194,1.584011010051525
1707227137.122677_B.jpg,90.8355712890625,0,0,,,,0.8117254907424062,0.010311,0.81166,1.583499238588105
1707227137.157349_F.jpg,89.86568450927734,1,1,1.5880584716796875,149.6504760124896,0.8760346174240112,0.8117254907424062,0.010311,0.81166,1.583499238588105
1707227138.131769_B.jpg,85.83593368530273,0,0,,,,0.8352390859843665,0.00621,0.835216,1.5782313921786655
1707227138.164481_F.jpg,90.29483795166016,1,1,1.4957427978515625,155.0222652842489,0.8539524078369141,0.8352390859843665,0.00621,0.835216,1.5782313921786655
1707227139.168040_B.jpg,89.27154541015625,0,0,,,,0.8204246313476943,0.002441,0.820421,1.567821033869534
1707227139.274026_F.jpg,91.28832817077637,1,1,-0.133514404296875,152.68750406297235,0.8635501265525818,0.8204246313476943,0.002441,0.820421,1.567821033869534
1707227140.139657_F.jpg,91.02153778076172,1,1,0.0274658203125,151.30221168736978,0.8692446947097778,0.8306509330187982,0.001245,0.83065,1.5692975016968265
1707227140.249318_B.jpg,90.26336669921875,0,0,,,,0.8306509330187982,0.001245,0.83065,1.5692975016968265
1707227141.102670_B.jpg,92.27681159973145,0,0,,,,0.8414897702438219,0.004055,0.84148,1.5756151800206792
1707227141.130360_F.jpg,97.24187850952148,1,1,1.1332617865668402,152.81419327948242,0.8630291223526001,0.8414897702438219,0.004055,0.84148,1.5756151800206792
1707227142.130388_B.jpg,92.97585487365723,0,0,,,,0.8524175282629985,0.000949,0.852417,1.5696830223817728
1707227142.161317_F.jpg,91.95137023925781,1,1,1.4538658989800348,152.789805555949,0.8631295561790466,0.8524175282629985,0.000949,0.852417,1.5696830223817728
1707227143.133701_B.jpg,87.12053298950195,0,0,,,,0.8592066221765287,0.001034,0.859206,1.5719997628752238
1707227143.190832_F.jpg,99.13444519042969,1,1,1.7224205864800348,151.84571782653765,0.8670104742050171,0.8593916475658814,0.001055,0.859391,1.5720239396859166
1707227144.156053_B.jpg,86.2882137298584,0,0,,,,0.8596164538827767,0.001581,0.859615,1.5689571334148924
1707227144.269510_F.jpg,104.10904884338379,1,1,1.7142401801215277,146.30130240596677,0.8898024559020996,0.8542041132803095,0.003723,0.854196,1.5664378699234613
1707227145.128662_F.jpg,116.6846752166748,1,1,1.6343010796440973,146.1444157693121,0.8904474973678589,0.8700466520376939,0.003649,0.870039,1.5666022865223301
1707227145.243887_B.jpg,93.87040138244629,0,0,,,,0.858153235806403,0.006315,0.85813,1.5781552188123176
1707227146.116392_B.jpg,89.05696868896484,0,0,,,,0.8538827910023717,0.004853,0.853869,1.576479807218826
1707227146.148862_F.jpg,80.52277565002441,1,1,1.6154395209418402,145.76666884531733,0.8920003175735474,0.8538827910023717,0.004853,0.853869,1.576479807218826
1707227147.128360_B.jpg,88.13977241516113,0,0,,,,0.8545836013878337,0.002481,0.85458,1.5678931544415753
1707227147.165628_F.jpg,92.35000610351562,1,1,1.6092088487413194,145.62951014959253,0.8925639390945435,0.8545836013878337,0.002481,0.85458,1.5678931544415753
1707227148.136830_B.jpg,87.25309371948242,0,0,,,,0.8454742451015288,0.001451,0.845473,1.5725125242079898
1707227148.192451_F.jpg,92.32592582702637,1,1,2.014923095703125,144.40738312284932,0.8975880146026611,0.8454742451015288,0.001451,0.845473,1.5725125242079898
1707227149.163412_B.jpg,89.06221389770508,0,0,,,,0.8773264312677466,0.00668,0.877301,1.5784104420290705
1707227149.269267_F.jpg,91.26710891723633,1,1,2.0379808213975696,144.09861163468673,0.8988572359085083,0.8773264312677466,0.00668,0.877301,1.5784104420290705
1707227150.134059_F.jpg,89.91122245788574,1,1,2.116097344292535,144.1027614824836,0.8988401889801025,0.8326105933364047,0.000994,0.83261,1.5719901624775923
1707227150.246155_B.jpg,100.18324851989746,0,0,,,,0.8326105933364047,0.000994,0.83261,1.5719901624775923
1707227151.120286_B.jpg,80.10149002075195,0,0,,,,0.857702539245396,0.006488,0.857678,1.5783607930039592
1707227151.149196_F.jpg,102.04076766967773,1,1,2.065489027235243,143.9877821598202,0.8993129730224609,0.857702539245396,0.006488,0.857678,1.5783607930039592
1707227152.132698_B.jpg,91.38727188110352,0,0,,,,0.8417853417974204,0.001503,0.841784,1.5690108350264367
1707227152.185990_F.jpg,87.36062049865723,1,1,2.0658704969618054,143.91479026727424,0.8996129035949707,0.8417853417974204,0.001503,0.841784,1.5690108350264367
1707227153.135736_B.jpg,86.01880073547363,0,0,,,,0.8454042698177009,0.002985,0.845399,1.5672654643319237
1707227153.174108_F.jpg,89.43557739257812,1,1,1.9499037000868056,143.89242685154184,0.8997048139572144,0.8454042698177009,0.002985,0.845399,1.5672654643319237
1707227154.153827_B.jpg,88.87577056884766,0,0,,,,0.8455745359103478,0.000952,0.845574,1.5696704648386879
1707227154.217721_F.jpg,89.42294120788574,1,1,2.2086673312717013,144.41724582718984,0.8975476026535034,0.8455745359103478,0.000952,0.845574,1.5696704648386879
